,shop_name,shop_address,shop_lat,shop_lng,types
0,Whole Foods Market,"4021 Hillsboro Pike, Nashville, TN 37215",36.1031403,-86.8187272,"['grocery_or_supermarket', 'supermarket', 'food', 'health', 'point_of_interest', 'store', 'establishment']"
1,Trader Joe's,"3909 Hillsboro Pike, Nashville, TN 37215",36.1050835,-86.815626,"['grocery_or_supermarket', 'florist', 'supermarket', 'liquor_store', 'food', 'health', 'point_of_interest', 'store', 'establishment']"
2,Kroger,"2131 Abbott Martin Rd, Nashville, TN 37215",36.1056803,-86.81846379999999,"['grocery_or_supermarket', 'food', 'point_of_interest', 'store', 'establishment']"
3,Little Gourmand,"2209 Bandywood Dr ste d, Nashville, TN 37215",36.1045247,-86.8173347,"['grocery_or_supermarket', 'food', 'point_of_interest', 'store', 'establishment']"
4,Kroger,"2201 21st Ave S, Nashville, TN 37212",36.1301887,-86.80261089999999,"['grocery_or_supermarket', 'food', 'point_of_interest', 'store', 'establishment']"
5,Osborne's Bi-Rite,"3116 Belmont Blvd, Nashville, TN 37212",36.117707,-86.7967994,"['supermarket', 'grocery_or_supermarket', 'food', 'point_of_interest', 'store', 'establishment']"
6,Green Hill Market,"2126 Abbott Martin Rd, Nashville, TN 37215",36.1072983,-86.8160717,"['point_of_interest', 'store', 'establishment']"
7,The Produce Place,"4000 Murphy Rd, Nashville, TN 37209",36.140911,-86.83323999999999,"['grocery_or_supermarket', 'food', 'point_of_interest', 'store', 'establishment']"
8,Williams-Sonoma,"2126 Abbott Martin Rd Ste 248-276, Nashville, TN 37215",36.1072983,-86.8160717,"['grocery_or_supermarket', 'furniture_store', 'home_goods_store', 'food', 'point_of_interest', 'store', 'establishment']"
9,Kroger Clicklist Pickup,"2218 Bandywood Dr, Nashville, TN 37215",36.1051666,-86.81831969999999,"['food', 'point_of_interest', 'establishment']"
10,Twice Daily,"4040 Hillsboro Pike, Nashville, TN 37215",36.10286,-86.81585,"['convenience_store', 'bakery', 'cafe', 'liquor_store', 'restaurant', 'food', 'point_of_interest', 'store', 'establishment']"
11,Publix Super Market at Hill Center at Belle Meade,"4324 Harding Pike, Nashville, TN 37205",36.1267422,-86.8475419,"['supermarket', 'florist', 'bakery', 'grocery_or_supermarket', 'liquor_store', 'food', 'point_of_interest', 'store', 'establishment']"
12,Publix Super Market at Melrose,"2223 8th Ave S, Nashville, TN 37204",36.1285944,-86.7784628,"['supermarket', 'florist', 'bakery', 'grocery_or_supermarket', 'liquor_store', 'food', 'point_of_interest', 'store', 'establishment']"
13,Kroger,"2615 Franklin Pike, Nashville, TN 37204",36.1199446,-86.7771798,"['grocery_or_supermarket', 'food', 'point_of_interest', 'store', 'establishment']"
14,Trader Joe's,"90 White Bridge Rd, Nashville, TN 37205",36.1307261,-86.85222700000001,"['grocery_or_supermarket', 'florist', 'supermarket', 'liquor_store', 'food', 'health', 'point_of_interest', 'store', 'establishment']"
15,Aleksey's Market,"718 Thompson Ln, Nashville, TN 37204",36.1128669,-86.76522740000001,"['supermarket', 'grocery_or_supermarket', 'food', 'point_of_interest', 'store', 'establishment']"
16,International Market,"2013 Belmont Blvd, Nashville, TN 37212",36.1317608,-86.7956859,"['grocery_or_supermarket', 'restaurant', 'food', 'point_of_interest', 'store', 'establishment']"
17,Kroger,"4560 Harding Pike, Nashville, TN 37205",36.1239257,-86.850561,"['grocery_or_supermarket', 'food', 'point_of_interest', 'store', 'establishment']"
18,The Vitamin Shoppe,"3904 Hillsboro Pike, Nashville, TN 37215",36.105305,-86.81361299999999,"['grocery_or_supermarket', 'food', 'health', 'point_of_interest', 'store', 'establishment']"
19,K&S World Market,"5861 Charlotte Pike, Nashville, TN 37209",36.1470294,-86.8635401,"['grocery_or_supermarket', 'supermarket', 'food', 'point_of_interest', 'store', 'establishment']"
20,Whole Foods Market,"1202 Broadway, Nashville, TN 37203",36.1567496,-86.7880596,"['grocery_or_supermarket', 'supermarket', 'food', 'health', 'point_of_interest', 'store', 'establishment']"
21,7-Eleven,"4112 Hillsboro Pike, Nashville, TN 37215",36.1010749,-86.8181115,"['convenience_store', 'food', 'point_of_interest', 'store', 'establishment']"
22,7-Eleven,"3815 Hillsboro Pike, Nashville, TN 37215",36.1062656,-86.81391409999999,"['convenience_store', 'food', 'point_of_interest', 'store', 'establishment']"
23,Coco's Italian Market - Green Hills Mall,"2126 Abbott Martin Rd k101, Nashville, TN 37215",36.107237,-86.815708,"['restaurant', 'food', 'point_of_interest', 'store', 'establishment']"
24,Target Grocery,"26 White Bridge Rd, Nashville, TN 37205",36.1312015,-86.854187,"['grocery_or_supermarket', 'supermarket', 'food', 'point_of_interest', 'store', 'establishment']"
25,Wedgehill Market,"600 Benton Ave, Nashville, TN 37204",36.1318851,-86.76877499999999,"['grocery_or_supermarket', 'supermarket', 'food', 'point_of_interest', 'store', 'establishment']"
26,Publix Super Market at Capitol View,"1010 Dr Martin L King Jr Blvd, Nashville, TN 37203",36.1630486,-86.7903632,"['supermarket', 'florist', 'bakery', 'grocery_or_supermarket', 'liquor_store', 'food', 'point_of_interest', 'store', 'establishment']"
27,The Turnip Truck - Gulch,"321 12th Ave S, Nashville, TN 37203",36.1527599,-86.78545869999999,"['grocery_or_supermarket', 'food', 'health', 'point_of_interest', 'store', 'establishment']"
28,Bangkok Market,"3207 Powell Ave, Nashville, TN 37204",36.1004647,-86.76238699999999,"['grocery_or_supermarket', 'food', 'point_of_interest', 'store', 'establishment']"
29,Publix Super Market at Hill Center at Nashville West,"6614 Charlotte Pike, Nashville, TN 37209",36.1401562,-86.8829001,"['supermarket', 'florist', 'bakery', 'grocery_or_supermarket', 'liquor_store', 'food', 'point_of_interest', 'store', 'establishment']"
30,The Turnip Truck - Charlotte Ave,"5001 Charlotte Ave, Nashville, TN 37209",36.1518346,-86.8474861,"['grocery_or_supermarket', 'food', 'health', 'point_of_interest', 'store', 'establishment']"
31,Sperry's Mercantile,"5107 Harding Pike, Nashville, TN 37205",36.1047822,-86.8679557,"['grocery_or_supermarket', 'food', 'point_of_interest', 'store', 'establishment']"
32,Savi Urban Market,"415 Church St, Nashville, TN 37219",36.1634125,-86.779421,"['grocery_or_supermarket', 'supermarket', 'food', 'point_of_interest', 'store', 'establishment']"
33,Walgreens,"3901 Hillsboro Pike, Nashville, TN 37215",36.1056066,-86.8149474,"['drugstore', 'convenience_store', 'food', 'health', 'point_of_interest', 'clothing_store', 'store', 'establishment']"
34,InterAsian Market & Deli,"2160 Nolensville Pike, Nashville, TN 37211",36.1282806,-86.7535285,"['grocery_or_supermarket', 'food', 'point_of_interest', 'store', 'establishment']"
35,Smokin oaks organic farms market,"2116 8th Ave S, Nashville, TN 37204",36.131239,-86.778402,"['grocery_or_supermarket', 'food', 'point_of_interest', 'store', 'establishment']"
36,Kroger,"5705 Charlotte Pike, Nashville, TN 37209",36.148431,-86.86076120000001,"['grocery_or_supermarket', 'food', 'point_of_interest', 'store', 'establishment']"
37,Rosie's Market,"3900 Charlotte Ave, Nashville, TN 37209",36.1527329,-86.83348,"['grocery_or_supermarket', 'food', 'point_of_interest', 'store', 'establishment']"
38,Jack's Market,"4421 Murphy Rd, Nashville, TN 37209",36.1407102,-86.83981659999999,"['convenience_store', 'food', 'point_of_interest', 'store', 'establishment']"
39,International Food Mart,"2855 Logan St, Nashville, TN 37211",36.111472,-86.7421956,"['grocery_or_supermarket', 'restaurant', 'food', 'point_of_interest', 'store', 'establishment']"
40,Fresh & Fresh International Market,"3905 Nolensville Pike, Nashville, TN 37211",36.085944,-86.73026,"['grocery_or_supermarket', 'convenience_store', 'supermarket', 'food', 'point_of_interest', 'store', 'establishment']"
41,The Store,"2009 12th Ave S, Nashville, TN 37204",36.132763,-86.7890257,"['food', 'point_of_interest', 'establishment']"
42,Azadi International Food Market & Bakery,"391 Elysian Fields Ct, Nashville, TN 37211",36.0874399,-86.7290707,"['grocery_or_supermarket', 'food', 'point_of_interest', 'store', 'establishment']"
43,Cho A Dong,"5837 Charlotte Pike, Nashville, TN 37209",36.1479912,-86.862405,"['grocery_or_supermarket', 'food', 'point_of_interest', 'store', 'establishment']"
44,Guanabana,"5861 Charlotte Pike, Nashville, TN 37209",36.1488558,-86.8633972,"['grocery_or_supermarket', 'food', 'point_of_interest', 'store', 'establishment']"
45,Resha's Bi-Rite Market,"717 25th Ave N, Nashville, TN 37208",36.1594967,-86.8140176,"['grocery_or_supermarket', 'supermarket', 'food', 'point_of_interest', 'store', 'establishment']"
46,Five Star Market,"Ash St, Nashville, TN 37210",36.152107,-86.7727298,"['grocery_or_supermarket', 'food', 'point_of_interest', 'store', 'establishment']"
47,Walmart Supercenter,"2421 Powell Ave, Nashville, TN 37204",36.110974,-86.7694458,"['department_store', 'hardware_store', 'bakery', 'grocery_or_supermarket', 'electronics_store', 'furniture_store', 'home_goods_store', 'food', 'point_of_interest', 'clothing_store', 'store', 'establishment']"
48,Woodbine Fresh Market,"3302 Nolensville Pike, Nashville, TN 37211",36.1014833,-86.739948,"['grocery_or_supermarket', 'food', 'point_of_interest', 'store', 'establishment']"
49,Sonobana Market,"40 White Bridge Pike, Nashville, TN 37205",36.1288505,-86.85303909999999,"['grocery_or_supermarket', 'food', 'point_of_interest', 'store', 'establishment']"
50,The Turnip Truck - East Nashville,"701 Woodland St, Nashville, TN 37206",36.1738247,-86.76001579999999,"['grocery_or_supermarket', 'food', 'health', 'point_of_interest', 'store', 'establishment']"
51,Swett's Market,"702 28th Ave N, Nashville, TN 37208",36.15901760000001,-86.8182096,"['grocery_or_supermarket', 'food', 'point_of_interest', 'store', 'establishment']"
52,Mazfresco Market,"3953 Nolensville Pike, Nashville, TN 37211",36.0847584,-86.7303895,"['grocery_or_supermarket', 'supermarket', 'food', 'point_of_interest', 'store', 'establishment']"
53,Bento Bodega,"307 Hart St, Nashville, TN 37210",36.1422659,-86.7639557,"['grocery_or_supermarket', 'food', 'point_of_interest', 'store', 'establishment']"
54,Kroger Bakery,"2201 21st Ave S, Nashville, TN 37212",36.1303003,-86.8022158,"['bakery', 'food', 'point_of_interest', 'store', 'establishment']"
55,JC's Amish Produce,"Fountain Pl, Nashville, TN 37205",36.1309156,-86.8574398,"['grocery_or_supermarket', 'food', 'point_of_interest', 'store', 'establishment']"
56,Sjj Market Inc,"925 40th Ave N, Nashville, TN 37209",36.1610431,-86.83627109999999,"['grocery_or_supermarket', 'food', 'point_of_interest', 'store', 'establishment']"
57,Uptown market & smoke shop 😊,"5520 Kentucky Ave, Nashville, TN 37209",36.1599221,-86.8554468,"['grocery_or_supermarket', 'food', 'point_of_interest', 'store', 'establishment']"
58,The Fresh Market,"235 Franklin Rd, Brentwood, TN 37027",36.031029,-86.791508,"['grocery_or_supermarket', 'supermarket', 'food', 'point_of_interest', 'store', 'establishment']"
59,K&S World Market,"4225 Nolensville Pike, Nashville, TN 37211",36.0751738,-86.7259686,"['grocery_or_supermarket', 'supermarket', 'food', 'point_of_interest', 'store', 'establishment']"
