,shop_name,shop_address,shop_lat,shop_lng,types
0,Publix Super Market at Capitol View,"1010 Dr Martin L King Jr Blvd, Nashville, TN 37203",36.1630486,-86.7903632,"['supermarket', 'florist', 'bakery', 'grocery_or_supermarket', 'liquor_store', 'food', 'point_of_interest', 'store', 'establishment']"
1,Publix Super Market at Melrose,"2223 8th Ave S, Nashville, TN 37204",36.1285944,-86.7784628,"['supermarket', 'florist', 'bakery', 'grocery_or_supermarket', 'liquor_store', 'food', 'point_of_interest', 'store', 'establishment']"
2,Publix Super Market at Hill Center at Belle Meade,"4324 Harding Pike, Nashville, TN 37205",36.1267422,-86.8475419,"['supermarket', 'florist', 'bakery', 'grocery_or_supermarket', 'liquor_store', 'food', 'point_of_interest', 'store', 'establishment']"
3,Publix Super Market at Hill Center at Nashville West,"6614 Charlotte Pike, Nashville, TN 37209",36.1401562,-86.8829001,"['supermarket', 'florist', 'bakery', 'grocery_or_supermarket', 'liquor_store', 'food', 'point_of_interest', 'store', 'establishment']"
4,Publix Super Market at Hill Center Greenwood,"1111 Gallatin Ave, Nashville, TN 37206",36.1898456,-86.7449475,"['supermarket', 'florist', 'bakery', 'grocery_or_supermarket', 'liquor_store', 'food', 'point_of_interest', 'store', 'establishment']"
5,Publix Super Market at The Crossings,"2324 Lebanon Pike, Nashville, TN 37214",36.1707831,-86.68399869999999,"['supermarket', 'florist', 'bakery', 'grocery_or_supermarket', 'liquor_store', 'food', 'point_of_interest', 'store', 'establishment']"
6,Publix Super Market at Nippers Corner,"15544 Old Hickory Blvd, Nashville, TN 37211",36.04102719999999,-86.7414412,"['supermarket', 'florist', 'bakery', 'grocery_or_supermarket', 'liquor_store', 'food', 'point_of_interest', 'store', 'establishment']"
7,Publix Super Market at Harpeth Village,"8028 TN-100, Nashville, TN 37221",36.047101,-86.95225289999999,"['supermarket', 'florist', 'bakery', 'grocery_or_supermarket', 'liquor_store', 'food', 'point_of_interest', 'store', 'establishment']"
8,Publix Pharmacy at Capitol View,"1010 Dr. M.L.K. Jr Blvd, Nashville, TN 37203",36.1626824,-86.7897598,"['pharmacy', 'hospital', 'health', 'point_of_interest', 'store', 'establishment']"
9,Publix Pharmacy at Hill Center at Nashville West,"6614 Charlotte Pike, Nashville, TN 37209",36.1401828,-86.88290889999999,"['pharmacy', 'hospital', 'health', 'point_of_interest', 'store', 'establishment']"
10,Publix Super Market at Bellevue Center,"7604 Hwy 70 S, Nashville, TN 37221",36.0784138,-86.9455024,"['supermarket', 'florist', 'bakery', 'grocery_or_supermarket', 'liquor_store', 'food', 'point_of_interest', 'store', 'establishment']"
11,Publix Pharmacy at Melrose,"2223 8th Ave S, Nashville, TN 37204",36.1287677,-86.77831909999999,"['pharmacy', 'hospital', 'health', 'point_of_interest', 'store', 'establishment']"
12,Publix Super Market at Marketplace at Maryland Farms,"101 Creekside Crossing, Brentwood, TN 37027",36.0369124,-86.79885180000001,"['supermarket', 'florist', 'bakery', 'grocery_or_supermarket', 'liquor_store', 'food', 'point_of_interest', 'store', 'establishment']"
13,Publix Pharmacy at Hill Center at Belle Meade,"4324 Harding Pike, Nashville, TN 37205",36.126783,-86.84755729999999,"['pharmacy', 'hospital', 'health', 'point_of_interest', 'store', 'establishment']"
14,Publix Super Market at Mt. View Marketplace,"3532 Murfreesboro Pike, Antioch, TN 37013",36.0533912,-86.6149279,"['supermarket', 'florist', 'bakery', 'grocery_or_supermarket', 'liquor_store', 'food', 'point_of_interest', 'store', 'establishment']"
15,Publix Super Market at Caldwell Square,"460 Long Hollow Pike, Goodlettsville, TN 37072",36.3314801,-86.6991601,"['supermarket', 'florist', 'bakery', 'grocery_or_supermarket', 'liquor_store', 'food', 'point_of_interest', 'store', 'establishment']"
16,Publix Super Market at Providence Commons,"665 S Mt Juliet Rd, Mt. Juliet, TN 37122",36.1612828,-86.51251719999999,"['supermarket', 'florist', 'bakery', 'grocery_or_supermarket', 'liquor_store', 'food', 'point_of_interest', 'store', 'establishment']"
17,Publix Super Market at Mt. Juliet Village,"11207 Lebanon Rd, Mt. Juliet, TN 37122",36.2329763,-86.51443429999999,"['supermarket', 'florist', 'bakery', 'grocery_or_supermarket', 'liquor_store', 'food', 'point_of_interest', 'store', 'establishment']"
18,Publix Super Market at Harpeth Village,"2020 Fieldstone Pkwy, Franklin, TN 37069",35.9645581,-86.88300699999999,"['supermarket', 'florist', 'bakery', 'grocery_or_supermarket', 'liquor_store', 'food', 'point_of_interest', 'store', 'establishment']"
19,Publix Super Market at Parkway Town Centre,"661 President Pl, Smyrna, TN 37167",35.9798872,-86.55495739999999,"['supermarket', 'florist', 'bakery', 'grocery_or_supermarket', 'liquor_store', 'food', 'point_of_interest', 'store', 'establishment']"
20,Publix Super Market at Cool Springs Festival,"8105 Moores Ln, Brentwood, TN 37027",35.9635575,-86.80242310000001,"['supermarket', 'florist', 'bakery', 'grocery_or_supermarket', 'liquor_store', 'food', 'point_of_interest', 'store', 'establishment']"
21,Publix Super Market at Concord Village,"10638 Concord Rd, Brentwood, TN 37027",35.997094,-86.69184849999999,"['supermarket', 'florist', 'bakery', 'grocery_or_supermarket', 'liquor_store', 'food', 'point_of_interest', 'store', 'establishment']"
22,Publix Super Market at McKays Mill Village Center,"1400 Liberty Pike Ste 200 Ste 200, Franklin, TN 37067",35.9247987,-86.7957284,"['supermarket', 'florist', 'bakery', 'grocery_or_supermarket', 'liquor_store', 'food', 'point_of_interest', 'store', 'establishment']"
23,Publix Super Market at Indian Lake Marketplace,"110 Indian Lake Blvd, Hendersonville, TN 37075",36.3101986,-86.6051567,"['supermarket', 'florist', 'bakery', 'grocery_or_supermarket', 'liquor_store', 'food', 'point_of_interest', 'store', 'establishment']"
24,Publix Super Market at Oakwood Commons,"4670 Lebanon Pike, Hermitage, TN 37076",36.2172539,-86.5933773,"['supermarket', 'florist', 'bakery', 'grocery_or_supermarket', 'liquor_store', 'food', 'point_of_interest', 'store', 'establishment']"
25,Publix Pharmacy at Hill Center Greenwood,"1111 Gallatin Ave, Nashville, TN 37206",36.1898456,-86.7449475,"['pharmacy', 'hospital', 'health', 'point_of_interest', 'store', 'establishment']"
26,Publix Super Market at Bowie Commons,"7014 City Center Way, Fairview, TN 37062",35.9735081,-87.13119320000001,"['supermarket', 'florist', 'bakery', 'grocery_or_supermarket', 'liquor_store', 'food', 'point_of_interest', 'store', 'establishment']"
27,Publix Super Market at Berry Farms Town Center,"5021 Hughes Crossing, Franklin, TN 37064",35.8637214,-86.84315269999999,"['supermarket', 'florist', 'bakery', 'grocery_or_supermarket', 'liquor_store', 'food', 'point_of_interest', 'store', 'establishment']"
28,Publix Super Market at Market at Victory Village,"4175 Franklin Rd, Murfreesboro, TN 37128",35.8420116,-86.4718887,"['supermarket', 'florist', 'bakery', 'grocery_or_supermarket', 'liquor_store', 'food', 'point_of_interest', 'store', 'establishment']"
29,Publix Pharmacy at The Crossings,"2324 Lebanon Pike, Nashville, TN 37214",36.1708319,-86.6840423,"['pharmacy', 'hospital', 'health', 'point_of_interest', 'store', 'establishment']"
30,Publix Super Market at North Murfreesboro,"3415 Memorial Blvd, Murfreesboro, TN 37129",35.9121189,-86.3860907,"['supermarket', 'florist', 'bakery', 'grocery_or_supermarket', 'liquor_store', 'food', 'point_of_interest', 'store', 'establishment']"
31,Publix Super Market at Market at Salem Cove,"2650 New Salem Hwy, Murfreesboro, TN 37128",35.8126875,-86.45776040000001,"['supermarket', 'florist', 'bakery', 'grocery_or_supermarket', 'liquor_store', 'food', 'point_of_interest', 'store', 'establishment']"
32,Publix Super Market at The Shops of Lee Village,"1640 Lee Victory Pkwy, Smyrna, TN 37167",35.9414733,-86.5275679,"['supermarket', 'florist', 'bakery', 'grocery_or_supermarket', 'liquor_store', 'food', 'point_of_interest', 'store', 'establishment']"
33,Publix Super Market at Greensboro Village,"1483 Nashville Pike, Gallatin, TN 37066",36.359568,-86.4956617,"['supermarket', 'florist', 'bakery', 'grocery_or_supermarket', 'liquor_store', 'food', 'point_of_interest', 'store', 'establishment']"
34,Publix Super Market at Franklin Marketplace,"1021 Riverside Dr, Franklin, TN 37064",35.9124494,-86.8283482,"['supermarket', 'florist', 'bakery', 'grocery_or_supermarket', 'liquor_store', 'food', 'point_of_interest', 'store', 'establishment']"
35,Publix Super Market at Kensington Place Shopping Center,"1731 S Rutherford Blvd Ste S, Murfreesboro, TN 37130",35.8133198,-86.3683839,"['supermarket', 'florist', 'bakery', 'grocery_or_supermarket', 'liquor_store', 'food', 'point_of_interest', 'store', 'establishment']"
36,Publix Super Market at The Shops at Windsong,"211 Maharris Dr, Gallatin, TN 37066",36.3647079,-86.4424923,"['supermarket', 'florist', 'bakery', 'grocery_or_supermarket', 'liquor_store', 'food', 'point_of_interest', 'store', 'establishment']"
37,Publix Super Market at Spring Hill Village,"4935 Main St, Spring Hill, TN 37174",35.7750105,-86.91824869999999,"['supermarket', 'florist', 'bakery', 'grocery_or_supermarket', 'liquor_store', 'food', 'point_of_interest', 'store', 'establishment']"
38,Publix Catering at The Crossings,"2324 Lebanon Pike, Nashville, TN 37214",36.17086630000001,-86.68403339999999,"['food', 'point_of_interest', 'store', 'establishment']"
39,Publix Super Market at Lebanon Center,"1703 W Main St, Lebanon, TN 37087",36.2234945,-86.3452181,"['supermarket', 'florist', 'bakery', 'grocery_or_supermarket', 'liquor_store', 'food', 'point_of_interest', 'store', 'establishment']"
40,Publix Super Market at Hickory Ridge Shopping Center,"445 TN-109, Lebanon, TN 37090",36.19036,-86.40995559999999,"['supermarket', 'florist', 'bakery', 'grocery_or_supermarket', 'liquor_store', 'food', 'point_of_interest', 'store', 'establishment']"
41,Publix Super Market at Newman's Crossing,"1931 Long Hollow Pike, Gallatin, TN 37066",36.3815152,-86.55192249999999,"['supermarket', 'florist', 'bakery', 'grocery_or_supermarket', 'liquor_store', 'food', 'point_of_interest', 'store', 'establishment']"
42,Publix Pharmacy at Nippers Corner,"15544 Old Hickory Blvd, Nashville, TN 37211",36.0409823,-86.7414905,"['pharmacy', 'hospital', 'health', 'point_of_interest', 'store', 'establishment']"
43,Publix Super Market at Sango Square,"920 TN-76, Clarksville, TN 37043",36.5231503,-87.23441749999999,"['supermarket', 'florist', 'bakery', 'grocery_or_supermarket', 'liquor_store', 'food', 'point_of_interest', 'store', 'establishment']"
44,Publix Super Market at Madison Street Commons,"1771 Madison St, Clarksville, TN 37043",36.5156643,-87.313208,"['supermarket', 'florist', 'bakery', 'grocery_or_supermarket', 'liquor_store', 'food', 'point_of_interest', 'store', 'establishment']"
45,Publix Pharmacy at Harpeth Village,"8028 TN-100, Nashville, TN 37221",36.0471732,-86.9522465,"['pharmacy', 'hospital', 'health', 'point_of_interest', 'store', 'establishment']"
46,Publix Super Market at Shoppes at Peachers Mill,"1490 Tiny Town Rd, Clarksville, TN 37042",36.6252372,-87.37256029999999,"['supermarket', 'florist', 'bakery', 'grocery_or_supermarket', 'liquor_store', 'food', 'point_of_interest', 'store', 'establishment']"
47,Publix Pharmacy at Mt. View Marketplace,"3532 Murfreesboro Pike, Antioch, TN 37013",36.0533982,-86.61491,"['pharmacy', 'hospital', 'health', 'point_of_interest', 'store', 'establishment']"
48,Publix Super Market at The Shoppes at Eagle Point,"1265 Interstate Dr Ste 111, Cookeville, TN 38501",36.1411814,-85.51073060000002,"['supermarket', 'florist', 'bakery', 'grocery_or_supermarket', 'liquor_store', 'food', 'point_of_interest', 'store', 'establishment']"
49,Publix Super Market at Northgate Mall,"1600 N Jackson St Ste 340, Tullahoma, TN 37388",35.3801936,-86.226466,"['supermarket', 'florist', 'bakery', 'grocery_or_supermarket', 'liquor_store', 'food', 'point_of_interest', 'store', 'establishment']"
50,Hill Center,"6606 Charlotte Pike, Nashville, TN 37209",36.1400756,-86.88258359999999,"['shopping_mall', 'point_of_interest', 'establishment']"
51,Publix Pharmacy at Marketplace at Maryland Farms,"101 Creekside Crossing, Brentwood, TN 37027",36.0368687,-86.7988989,"['pharmacy', 'hospital', 'health', 'point_of_interest', 'store', 'establishment']"
52,Publix Pharmacy at Bellevue Center,"7604 Hwy 70 S, Nashville, TN 37221",36.0784127,-86.94552829999999,"['pharmacy', 'hospital', 'health', 'point_of_interest', 'store', 'establishment']"
53,Publix Pharmacy at Harpeth Village,"2020 Fieldstone Pkwy, Franklin, TN 37069",35.9645001,-86.882969,"['pharmacy', 'hospital', 'health', 'point_of_interest', 'store', 'establishment']"
54,Publix Pharmacy at Cool Springs Festival,"8105 Moores Ln, Brentwood, TN 37027",35.9634976,-86.8022594,"['pharmacy', 'hospital', 'health', 'point_of_interest', 'store', 'establishment']"
55,Publix Pharmacy at McKays Mill Village Center,"1400 Liberty Pike Ste 200 Ste 200, Franklin, TN 37067",35.9247172,-86.7959121,"['pharmacy', 'hospital', 'health', 'point_of_interest', 'store', 'establishment']"
56,Publix Catering at Bellevue Center,"7604 Hwy 70 S, Nashville, TN 37221",36.0783932,-86.9454933,"['food', 'point_of_interest', 'store', 'establishment']"
57,Publix Pharmacy at Parkway Town Centre,"661 President Pl, Smyrna, TN 37167",35.9798838,-86.5549642,"['pharmacy', 'hospital', 'health', 'point_of_interest', 'store', 'establishment']"
58,Presto! ATM at Publix Super Market,"1010 Dr Martin L King Jr Blvd, Nashville, TN 37203",36.163312,-86.789734,"['atm', 'finance', 'point_of_interest', 'establishment']"
59,Presto! ATM at Publix®,"2223 8th Ave S, Nashville, TN 37204",36.1287677,-86.77831909999999,"['atm', 'finance', 'point_of_interest', 'establishment']"
