,shop_name,shop_address,shop_lat,shop_lng,types
0,Whole Foods Market,"1202 Broadway, Nashville, TN 37203",36.1567496,-86.7880596,"['grocery_or_supermarket', 'supermarket', 'food', 'health', 'point_of_interest', 'store', 'establishment']"
1,Publix Super Market at Capitol View,"1010 Dr Martin L King Jr Blvd, Nashville, TN 37203",36.1630486,-86.7903632,"['supermarket', 'florist', 'bakery', 'grocery_or_supermarket', 'liquor_store', 'food', 'point_of_interest', 'store', 'establishment']"
2,The Turnip Truck - Gulch,"321 12th Ave S, Nashville, TN 37203",36.1527599,-86.78545869999999,"['grocery_or_supermarket', 'food', 'health', 'point_of_interest', 'store', 'establishment']"
3,Savi Urban Market,"415 Church St, Nashville, TN 37219",36.1634125,-86.779421,"['grocery_or_supermarket', 'supermarket', 'food', 'point_of_interest', 'store', 'establishment']"
4,Downtown Fresh Market,"531 4th Ave S, Nashville, TN 37210",36.1549405,-86.7734169,"['grocery_or_supermarket', 'convenience_store', 'food', 'point_of_interest', 'store', 'establishment']"
5,Swett's Market,"702 28th Ave N, Nashville, TN 37208",36.15901760000001,-86.8182096,"['grocery_or_supermarket', 'food', 'point_of_interest', 'store', 'establishment']"
6,DGX,"2034 West End Ave, Nashville, TN 37203",36.15072869999999,-86.8011823,"['convenience_store', 'drugstore', 'home_goods_store', 'liquor_store', 'food', 'health', 'point_of_interest', 'store', 'establishment']"
7,Southernaire Market,"The Pinnacle at Symphony Place, 150 3rd Ave S, Nashville, TN 37201",36.159928,-86.774077,"['food', 'point_of_interest', 'store', 'establishment']"
8,Kroger,"2201 21st Ave S, Nashville, TN 37212",36.1301887,-86.80261089999999,"['grocery_or_supermarket', 'food', 'point_of_interest', 'store', 'establishment']"
9,Resha's Bi-Rite Market,"717 25th Ave N, Nashville, TN 37208",36.1594967,-86.8140176,"['grocery_or_supermarket', 'supermarket', 'food', 'point_of_interest', 'store', 'establishment']"
10,Publix Super Market at Melrose,"2223 8th Ave S, Nashville, TN 37204",36.1285944,-86.7784628,"['supermarket', 'florist', 'bakery', 'grocery_or_supermarket', 'liquor_store', 'food', 'point_of_interest', 'store', 'establishment']"
11,Kroger,"800 Monroe St, Nashville, TN 37208",36.1758803,-86.7942479,"['grocery_or_supermarket', 'food', 'point_of_interest', 'store', 'establishment']"
12,Bento Bodega,"307 Hart St, Nashville, TN 37210",36.1422659,-86.7639557,"['grocery_or_supermarket', 'food', 'point_of_interest', 'store', 'establishment']"
13,Virginia's Market,"703 18th Ave S, Nashville, TN 37203",36.1509379,-86.794602,"['convenience_store', 'food', 'point_of_interest', 'store', 'establishment']"
14,A AND M Marketplace,"900 Rosa L Parks Blvd suit 109, Nashville, TN 37208",36.1706189,-86.7888584,"['grocery_or_supermarket', 'food', 'point_of_interest', 'store', 'establishment']"
15,The Produce Place,"4000 Murphy Rd, Nashville, TN 37209",36.140911,-86.83323999999999,"['grocery_or_supermarket', 'food', 'point_of_interest', 'store', 'establishment']"
16,Rosie's Market,"3900 Charlotte Ave, Nashville, TN 37209",36.1527329,-86.83348,"['grocery_or_supermarket', 'food', 'point_of_interest', 'store', 'establishment']"
17,Five Star Market,"Ash St, Nashville, TN 37210",36.152107,-86.7727298,"['grocery_or_supermarket', 'food', 'point_of_interest', 'store', 'establishment']"
18,Wedgehill Market,"600 Benton Ave, Nashville, TN 37204",36.1318851,-86.76877499999999,"['grocery_or_supermarket', 'supermarket', 'food', 'point_of_interest', 'store', 'establishment']"
19,Aleksey's Market,"718 Thompson Ln, Nashville, TN 37204",36.1128669,-86.76522740000001,"['supermarket', 'grocery_or_supermarket', 'food', 'point_of_interest', 'store', 'establishment']"
20,Nashville Olive Oil Company,"1200 Clinton St Suite 23, Nashville, TN 37203",36.1646805,-86.796061,"['grocery_or_supermarket', 'food', 'point_of_interest', 'store', 'establishment']"
21,InterAsian Market & Deli,"2160 Nolensville Pike, Nashville, TN 37211",36.1282806,-86.7535285,"['grocery_or_supermarket', 'food', 'point_of_interest', 'store', 'establishment']"
22,Cardwell's Market,"9 Hermitage Ave, Nashville, TN 37210",36.1571023,-86.77025069999999,"['convenience_store', 'gas_station', 'food', 'point_of_interest', 'store', 'establishment']"
23,Lucky Market,"141 Lafayette St, Nashville, TN 37210",36.1474762,-86.7593486,"['grocery_or_supermarket', 'food', 'point_of_interest', 'store', 'establishment']"
24,Corner Market,"300 Church St, Nashville, TN 37201",36.1642907,-86.7778771,"['convenience_store', 'drugstore', 'cafe', 'liquor_store', 'food', 'health', 'point_of_interest', 'store', 'establishment']"
25,The Turnip Truck - Charlotte Ave,"5001 Charlotte Ave, Nashville, TN 37209",36.1518346,-86.8474861,"['grocery_or_supermarket', 'food', 'health', 'point_of_interest', 'store', 'establishment']"
26,Osborne's Bi-Rite,"3116 Belmont Blvd, Nashville, TN 37212",36.117707,-86.7967994,"['supermarket', 'grocery_or_supermarket', 'food', 'point_of_interest', 'store', 'establishment']"
27,Smokin oaks organic farms market,"2116 8th Ave S, Nashville, TN 37204",36.131239,-86.778402,"['grocery_or_supermarket', 'food', 'point_of_interest', 'store', 'establishment']"
28,Tiger Mart,"3400 West End Ave, Nashville, TN 37203",36.1391673,-86.82003429999999,"['convenience_store', 'food', 'point_of_interest', 'store', 'establishment']"
29,Edible Arrangements,"2416 Elliston Pl, Nashville, TN 37203",36.1482473,-86.8082067,"['florist', 'grocery_or_supermarket', 'food', 'point_of_interest', 'store', 'establishment']"
30,Trader Joe's,"3909 Hillsboro Pike, Nashville, TN 37215",36.1050835,-86.815626,"['grocery_or_supermarket', 'florist', 'supermarket', 'liquor_store', 'food', 'health', 'point_of_interest', 'store', 'establishment']"
31,Whole Foods Market,"4021 Hillsboro Pike, Nashville, TN 37215",36.1031403,-86.8187272,"['grocery_or_supermarket', 'supermarket', 'food', 'health', 'point_of_interest', 'store', 'establishment']"
32,Bangkok Market,"3207 Powell Ave, Nashville, TN 37204",36.1004647,-86.76238699999999,"['grocery_or_supermarket', 'food', 'point_of_interest', 'store', 'establishment']"
33,Walgreens,"3010 West End Ave, Nashville, TN 37203",36.1433707,-86.8150233,"['drugstore', 'convenience_store', 'food', 'health', 'point_of_interest', 'clothing_store', 'store', 'establishment']"
34,K&S World Market,"5861 Charlotte Pike, Nashville, TN 37209",36.1470294,-86.8635401,"['grocery_or_supermarket', 'supermarket', 'food', 'point_of_interest', 'store', 'establishment']"
35,The Turnip Truck - East Nashville,"701 Woodland St, Nashville, TN 37206",36.1738247,-86.76001579999999,"['grocery_or_supermarket', 'food', 'health', 'point_of_interest', 'store', 'establishment']"
36,Kroger,"2615 Franklin Pike, Nashville, TN 37204",36.1199446,-86.7771798,"['grocery_or_supermarket', 'food', 'point_of_interest', 'store', 'establishment']"
37,Twice Daily,"1702 West End Ave, Nashville, TN 37203",36.15396,-86.79513,"['convenience_store', 'bakery', 'cafe', 'liquor_store', 'restaurant', 'food', 'point_of_interest', 'store', 'establishment']"
38,Minit Saver Markets,"703 18th Ave S, Nashville, TN 37203",36.15091779999999,-86.7945953,"['convenience_store', 'food', 'point_of_interest', 'store', 'establishment']"
39,Sjj Market Inc,"925 40th Ave N, Nashville, TN 37209",36.1610431,-86.83627109999999,"['grocery_or_supermarket', 'food', 'point_of_interest', 'store', 'establishment']"
40,7-Eleven,"3400 West End Ave, Nashville, TN 37203",36.139095,-86.8200165,"['convenience_store', 'food', 'point_of_interest', 'store', 'establishment']"
41,Titan Deli Market,"2001 Dr DB Todd Jr Blvd, Nashville, TN 37208",36.1823898,-86.8126391,"['grocery_or_supermarket', 'food', 'point_of_interest', 'store', 'establishment']"
42,International Food Mart,"2855 Logan St, Nashville, TN 37211",36.111472,-86.7421956,"['grocery_or_supermarket', 'restaurant', 'food', 'point_of_interest', 'store', 'establishment']"
43,Uptown Fruit Market,"1431 Dickerson Pike, Nashville, TN 37207",36.1999223,-86.7696038,"['grocery_or_supermarket', 'finance', 'restaurant', 'food', 'point_of_interest', 'store', 'establishment']"
44,Publix Super Market at Hill Center at Belle Meade,"4324 Harding Pike, Nashville, TN 37205",36.1267422,-86.8475419,"['supermarket', 'florist', 'bakery', 'grocery_or_supermarket', 'liquor_store', 'food', 'point_of_interest', 'store', 'establishment']"
45,Trader Joe's,"90 White Bridge Rd, Nashville, TN 37205",36.1307261,-86.85222700000001,"['grocery_or_supermarket', 'florist', 'supermarket', 'liquor_store', 'food', 'health', 'point_of_interest', 'store', 'establishment']"
46,Smiley's Produce,"900 Rosa L Parks Blvd, Nashville, TN 37208",36.1701397,-86.7885742,"['grocery_or_supermarket', 'food', 'point_of_interest', 'store', 'establishment']"
47,US Discount Tobacco & Beer,"1997 Nolensville Pike, Nashville, TN 37211",36.1318231,-86.7573699,"['grocery_or_supermarket', 'convenience_store', 'liquor_store', 'food', 'point_of_interest', 'store', 'establishment']"
48,Fresh & Fresh International Market,"3905 Nolensville Pike, Nashville, TN 37211",36.085944,-86.73026,"['grocery_or_supermarket', 'convenience_store', 'supermarket', 'food', 'point_of_interest', 'store', 'establishment']"
49,Kroger,"2131 Abbott Martin Rd, Nashville, TN 37215",36.1056803,-86.81846379999999,"['grocery_or_supermarket', 'food', 'point_of_interest', 'store', 'establishment']"
50,MonaVie Nashville TN Acai Berry,"555 Church St, Nashville, TN 37219",36.1626194,-86.7809832,"['restaurant', 'food', 'health', 'point_of_interest', 'store', 'establishment']"
51,4 Way Market,"1401 Fatherland St, Nashville, TN 37206",36.1739353,-86.7459564,"['grocery_or_supermarket', 'supermarket', 'food', 'point_of_interest', 'store', 'establishment']"
52,SAM'S MARKET,"2012 Clarksville Pike, Nashville, TN 37208",36.1832368,-86.812551,"['grocery_or_supermarket', 'food', 'point_of_interest', 'store', 'establishment']"
53,3 & M Mart,"4601 Illinois Ave, Nashville, TN 37209",36.1576546,-86.8426645,"['supermarket', 'grocery_or_supermarket', 'food', 'point_of_interest', 'store', 'establishment']"
54,Publix Super Market at Hill Center at Nashville West,"6614 Charlotte Pike, Nashville, TN 37209",36.1401562,-86.8829001,"['supermarket', 'florist', 'bakery', 'grocery_or_supermarket', 'liquor_store', 'food', 'point_of_interest', 'store', 'establishment']"
55,Twice Daily,"2112 Charlotte Ave, Nashville, TN 37203",36.156704,-86.80691999999999,"['convenience_store', 'bakery', 'cafe', 'liquor_store', 'restaurant', 'food', 'point_of_interest', 'store', 'establishment']"
56,Piggly Wiggly,"2317 Dickerson Pike, Nashville, TN 37207",36.2077791,-86.76702279999999,"['grocery_or_supermarket', 'supermarket', 'food', 'point_of_interest', 'store', 'establishment']"
57,Save A Lot,"2400 Clarksville Pike, Nashville, TN 37208",36.1853833,-86.8159932,"['grocery_or_supermarket', 'supermarket', 'food', 'point_of_interest', 'store', 'establishment']"
58,Uptown market & smoke shop 😊,"5520 Kentucky Ave, Nashville, TN 37209",36.1599221,-86.8554468,"['grocery_or_supermarket', 'food', 'point_of_interest', 'store', 'establishment']"
59,CVS,"426 21st Ave S, Nashville, TN 37203",36.145697,-86.79930689999999,"['drugstore', 'convenience_store', 'food', 'health', 'point_of_interest', 'clothing_store', 'store', 'establishment']"
